{"r2_train": 0.986533412530081, "rmsle_train": 0.0596677549546049}