{"r2_train": 0.9803550634624448, "rmsle_train": 0.06764522844011808}