{"r2_train": 0.9806351523942936, "rmsle_train": 0.06091242092637932}