{"r2_train": 0.9927630812590005, "r2_val": 0.899692093735399, "rmsle_train": 0.04661769520211015, "rmsle_val": 0.1335875706152503, "cv_rmsle_mean_score": 0.12995631838608554, "cv_rmsle_std": 0.00940441234465799}