{"r2_train": 0.9875820638675449, "rmsle_train": 0.0561613394412081}