{"r2_train": 0.9930257910159448, "r2_val": 0.8984853252882558, "rmsle_train": 0.04401988594670106, "rmsle_val": 0.1421924863114902, "cv_rmsle_mean_score": 0.13696971335712116, "cv_rmsle_std": 0.007144443616671046}