{"r2_final": 0.9818515136907143, "rmsle_final": 0.059255890624836126}