{"r2_train": 0.9995850824174806, "rmsle_train": 0.01069640520314097}