{"r2_train": 0.9875324932056886, "rmsle_train": 0.05716525752651789}