{"r2_train": 0.8633474253686696, "r2_val": 0.8642049629377321, "rmse_train": 28804.14221661885, "rmse_test": 30842.92791540808}