{"r2_train": 0.8572065646498882, "r2_val": 0.8569590553694464, "rmsle_train": 0.15459878115936404, "rmsle_val": 0.18154187456113632}