{"r2_train": 0.9936918005147122, "rmsle_train": 0.043380790202661994}