{"r2_train": 0.9970736298368617, "rmsle_train": 0.029373731767890925}