{"r2_train": 0.9913363090811294, "rmsle_train": 0.052527624719633244}