{"r2_train": 0.9996969184910159, "rmsle_train": 0.00925241886194818}