{"r2_train": 0.9938751759710136, "rmsle_train": 0.04234162722871054}