{"r2_train": 0.98703452846154, "r2_val": 0.9068777670131627, "rmsle_train": 0.05459655811386078, "rmsle_val": 0.13044065537370006, "cv_rmsle_mean_score": 0.12127783753228756, "cv_rmsle_std": 0.008715339472618464}