{"r2_train": 0.99019700827164, "r2_val": 0.908335234329744, "rmsle_train": 0.049291457492134004, "rmsle_val": 0.13076050021855035, "cv_rmsle_mean_score": 0.12115003618973956, "cv_rmsle_std": 0.008518820768267302}