{"r2_train": 0.9047560252380663, "r2_val": 0.8921044013645896, "rmse_train": 0.12137984446169633, "rmse_val": 0.13668627589641616}