{"r2_train": 0.9062602505659334, "r2_val": 0.8939285271371108, "rmse_train": 0.1204167565228339, "rmse_val": 0.13552500888853178}