{"r2_train": 0.9945286969321676, "r2_val": 0.8974376805192568, "rmsle_train": 0.03917080786935156, "rmsle_val": 0.13479962825727157, "cv_rmsle_mean_score": 0.1296624100737879, "cv_rmsle_std": 0.010463595580145472}