{"r2_train": 0.9871621531265832, "r2_val": 0.8973515833664011, "rmsle_train": 0.05984123794910392, "rmsle_val": 0.1352999251563548, "cv_rmsle_mean_score": 0.12640526528320067, "cv_rmsle_std": 0.009812844838363503}