{"r2_train": 0.9998877318269606, "r2_val": 0.8982999530117228, "rmsle_train": 0.0057405451818060265, "rmsle_val": 0.1458288145745367, "cv_rmsle_mean_score": 0.1372062308005118, "cv_rmsle_std": 0.00767589724920553}