{"r2_train": 0.843844857688131, "r2_val": 0.8482317955307705, "rmse_train": 30791.027563467956, "rmse_test": 32606.48979307}