{"r2_train": 0.9888135927988577, "r2_val": 0.905905516440567, "rmsle_train": 0.052682654801209525, "rmsle_val": 0.13101739935658818, "cv_rmsle_mean_score": 0.12212458946658007, "cv_rmsle_std": 0.009200686280392277}