{"r2_train": 0.9930257910159448, "r2_val": 0.8982978389736077, "rmsle_train": 0.04401988594670106, "rmsle_val": 0.14227962177347148, "cv_rmsle_mean_score": 0.1369260567871096, "cv_rmsle_std": 0.007135276561525412}