{"r2_train": 0.9910483643660286, "r2_val": 0.9091231511931589, "rmsle_train": 0.04700122515187449, "rmsle_val": 0.13083592396400073, "cv_rmsle_mean_score": 0.12107931194957548, "cv_rmsle_std": 0.008249397629495519}