{"r2_train": 0.8619361838369446, "r2_val": 0.8585343418607077, "rmsle_train": 0.1438629435018712, "rmsle_val": 0.16484402926927055, "cv_rmsle_mean_score": 0.15750688063326845, "cv_rmsle_std": 0.006037490262073984}