{"r2_final": 0.8603484904994076, "rmsle_final": 0.15352614934302347}