{"r2_train": 0.9875111760140588, "rmsle_train": 0.05734643089510772}