{"r2_train": 0.9879494904325402, "rmsle_train": 0.05611220523741455}