{"r2_train": 0.9338810660333606, "r2_val": 0.8860699898869321, "rmse_train": 19858.743985981073, "rmse_test": 29561.467188814546}