{"r2_train": 0.9933017081994691, "r2_val": 0.8956001508450989, "rmsle_train": 0.041925567070194784, "rmsle_val": 0.14415710559060263, "cv_rmsle_mean_score": 0.13522169017490546, "cv_rmsle_std": 0.00909186308193243}