{"r2_train": 0.9898431837076171, "r2_val": 0.9074968877806868, "rmsle_train": 0.050160639632454984, "rmsle_val": 0.13065887766783146, "cv_rmsle_mean_score": 0.12154264671157682, "cv_rmsle_std": 0.00895064101831641}