{"r2_train": 0.9890879072438132, "r2_val": 0.903021023968622, "rmsle_train": 0.055787186552611334, "rmsle_val": 0.13461207372875042, "cv_rmsle_mean_score": 0.12359182646154232, "cv_rmsle_std": 0.009018608887350062}