{"r2_train": 0.990406958132602, "r2_val": 0.908324889966647, "rmsle_train": 0.04781485323755541, "rmsle_val": 0.12922705345859278, "cv_rmsle_mean_score": 0.11944647019980899, "cv_rmsle_std": 0.009826535246452467}