{"r2_train": 0.9999949289245103, "r2_val": 0.901451156752668, "rmsle_train": 0.001184610878898788, "rmsle_val": 0.14441356953048348, "cv_rmsle_mean_score": 0.1405443079749859, "cv_rmsle_std": 0.009915254434792449}