{"r2_train": 0.9999869720521584, "rmsle_train": 0.002003643710926747}