{"r2_train": 0.9900112232096169, "rmsle_train": 0.05106730495714507}