{"r2_train": 0.9828074930462647, "rmsle_train": 0.06278853434087303}