{"r2_train": 0.9949903888379599, "rmsle_train": 0.03528049456695515}