{"r2_train": 0.9914648304157513, "rmsle_train": 0.048692001145417496}