{"r2_train": 0.9845116479170851, "rmsle_train": 0.061792604927833145}