{"r2_train": 0.9918611577914869, "r2_val": 0.909069662644675, "rmsle_train": 0.04463867925973364, "rmsle_val": 0.1302971230365025, "cv_rmsle_mean_score": 0.1216418812504313, "cv_rmsle_std": 0.009001115240710122}