{"r2_train": 0.9787006011250486, "r2_val": 0.8931822939810509, "rmsle_train": 0.06060845877710004, "rmsle_val": 0.14331515336547052, "cv_rmsle_mean_score": 0.14522334975860463, "cv_rmsle_std": 0.007373958216377353}