{"r2_train": 0.9876519580588606, "r2_val": 0.9071087937093956, "rmsle_train": 0.05311764357706813, "rmsle_val": 0.13024247790479185, "cv_rmsle_mean_score": 0.12139074873397486, "cv_rmsle_std": 0.008879843922506628}