{"r2_train": 0.9913670334505054, "rmsle_train": 0.05162901709834876}