{"r2_train": 0.9997213456306949, "rmsle_train": 0.008829807017015504}