{"r2_train": 0.991975159366668, "rmsle_train": 0.04701517533551266}