{"r2_train": 0.9897351175502245, "r2_val": 0.9078019652506958, "rmsle_train": 0.05047817557038756, "rmsle_val": 0.13079708450708333, "cv_rmsle_mean_score": 0.12127359270858709, "cv_rmsle_std": 0.008652102041370697}