{"r2_train": 0.9901953674273271, "rmsle_train": 0.05624674184716147}