{"r2_train": 0.9913670334505054, "rmsle_train": 0.051629017098348745}