{"r2_train": 0.9934507998057088, "r2_val": 0.8985069565052842, "rmsle_train": 0.04403355921249377, "rmsle_val": 0.13692210203504415, "cv_rmsle_mean_score": 0.13099597968690285, "cv_rmsle_std": 0.00917458426896116}