{"r2_train": 0.9999440831447821, "r2_val": 0.9097695463895101, "rmsle_train": 0.0038278116408067804, "rmsle_val": 0.13625015527244902, "cv_rmsle_mean_score": 0.12940535858149577, "cv_rmsle_std": 0.007189365543903331}