{"r2_train": 0.9915582583526282, "rmsle_train": 0.05188082752322378}