{"r2_train": 0.9939164872877342, "r2_val": 0.9101982932039541, "rmsle_train": 0.05459622508617056, "rmsle_val": 0.1315301753067384, "cv_rmsle_mean_score": 0.12173533745263346, "cv_rmsle_std": 0.009293854941151331}