{"r2_train": 0.9944315039546324, "r2_val": 0.899307032122412, "rmsle_train": 0.04011121436343447, "rmsle_val": 0.13415400893356536, "cv_rmsle_mean_score": 0.12946800980251105, "cv_rmsle_std": 0.009896817326567572}