{"r2_train": 0.9938556319720414, "r2_val": 0.8983531616128638, "rmsle_train": 0.04252428464869026, "rmsle_val": 0.13536355699550998, "cv_rmsle_mean_score": 0.12928785438592486, "cv_rmsle_std": 0.00859511241355655}