{"r2_train": 0.9906347572102414, "r2_val": 0.9087756296438982, "rmsle_train": 0.04813165555193528, "rmsle_val": 0.1307734430374344, "cv_rmsle_mean_score": 0.12108523325429599, "cv_rmsle_std": 0.008384515841082107}