{"r2_train": 0.9915567251081464, "rmsle_train": 0.05085985156529428}