{"r2_train": 0.9969668489477792, "r2_val": 0.9107960291555025, "rmsle_train": 0.027953671244815848, "rmsle_val": 0.1331513475562716, "cv_rmsle_mean_score": 0.12343423417251118, "cv_rmsle_std": 0.009007970339354769}