{"r2_train": 0.9770314229800622, "r2_val": 0.8911694125816598, "rmsle_train": 0.06173376357635556, "rmsle_val": 0.144109458952758}