{"r2_train": 0.9854195739250321, "rmsle_train": 0.05983614439540662}