{"r2_train": 0.9944542758867707, "rmsle_train": 0.04282455396997481}