{"r2_train": 0.9849103861441455, "r2_val": 0.9063995599759036, "rmsle_train": 0.05655561978101617, "rmsle_val": 0.1300496212028341, "cv_rmsle_mean_score": 0.12148656157954622, "cv_rmsle_std": 0.00879743480736648}