{"r2_train": 0.9999947401929543, "r2_val": 0.9012000730285171, "rmsle_train": 0.0011875856009477281, "rmsle_val": 0.14494382343067766, "cv_rmsle_mean_score": 0.14055687708982284, "cv_rmsle_std": 0.01001376701710275}