{"r2_train": 0.865250792571532, "rmsle_train": 0.1452948988229245}