{"r2_train": 0.9999788843939685, "r2_val": 0.909745891483471, "rmsle_train": 0.0023323662967398564, "rmsle_val": 0.13635461822942263, "cv_rmsle_mean_score": 0.12945127868179304, "cv_rmsle_std": 0.007154680214597634}