{"r2_train": 0.9883437126305111, "rmsle_train": 0.05508861226598525}