{"r2_train": 0.9934008941043325, "rmsle_train": 0.043656839228402036}