{"r2_train": 0.9949978561722667, "r2_val": 0.9082544011252142, "rmsle_train": 0.03684333181270308, "rmsle_val": 0.13486808923403823, "cv_rmsle_mean_score": 0.12394346823533194, "cv_rmsle_std": 0.006935981273292955}