{"r2_train": 0.9945286969321676, "r2_val": 0.8959978283852374, "rmsle_train": 0.03917080786935156, "rmsle_val": 0.13805586609431525, "cv_rmsle_mean_score": 0.12966267274912205, "cv_rmsle_std": 0.010463652256531756}