{"r2_train": 0.9898384660658042, "rmsle_train": 0.056618498525542765}