{"r2_train": 0.9830212739583329, "r2_val": 0.9053806200857192, "rmsle_train": 0.060549483960510485, "rmsle_val": 0.13059457070177052, "cv_rmsle_mean_score": 0.12149972597722021, "cv_rmsle_std": 0.008580528771619612}