{"r2_train": 0.9842604429787597, "rmsle_train": 0.06785894402695203}