{"r2_train": 0.9932544530815751, "r2_val": 0.9024094853799648, "rmsle_train": 0.0456405078758133, "rmsle_val": 0.1324812212325883, "cv_rmsle_mean_score": 0.13099781498068835, "cv_rmsle_std": 0.009235760628514438}