{"r2_train": 0.991289491836083, "rmsle_train": 0.051526196042929906}