{"r2_train": 0.9999011501444715, "r2_val": 0.9098457855288489, "rmsle_train": 0.0051327388955875325, "rmsle_val": 0.1362734292923509, "cv_rmsle_mean_score": 0.12936786126019487, "cv_rmsle_std": 0.0072048126872299246}