{"r2_train": 0.9945251885798245, "r2_val": 0.8982500660560615, "rmsle_train": 0.039315673731586134, "rmsle_val": 0.13444115303177281, "cv_rmsle_mean_score": 0.1299394733853508, "cv_rmsle_std": 0.009279849952891269}