{"r2_train": 0.9998696135492314, "rmsle_train": 0.005901806813830393}