{"r2_train": 0.9870927209499561, "rmsle_train": 0.05824576383470963}