{"r2_train": 0.9047560252380663, "r2_val": 0.8921044013645696, "rmse_train": 0.12137984446169636, "rmse_val": 0.1366862758964288}