{"r2_train": 0.9965953279375256, "r2_val": 0.897549409732887, "rmsle_train": 0.03358464379728105, "rmsle_val": 0.13391039552567374, "cv_rmsle_mean_score": 0.12990170258878958, "cv_rmsle_std": 0.009710596045434415}