{"r2_train": 0.9977392753330258, "r2_val": 0.9129085832810198, "rmsle_train": 0.024838823447061273, "rmsle_val": 0.1352629157251675, "cv_rmsle_mean_score": 0.1301771602378765, "cv_rmsle_std": 0.008830788184146912}