{"r2_train": 0.999986733161464, "rmsle_train": 0.002005617448555997}